id_producto,producto,precio_unitario
1,Martillo,15.99
2,Destornillador,5.99
3,Taladro,79.99
4,Sierra circular,89.99
5,Llave inglesa,12.99
6,Pintura en spray,8.99
7,Cinta métrica,6.99
8,Tornillos (paquete de 50),3.99
9,Brocas (set de 10),9.99
10,Pegamento adhesivo,4.99